/*
 * Group:    SCAD (Sami, Camille, Angelo, and Dan)
 * Purpose:  creates the tables needed for this project and populates with dummy data
 * Created:  2018-03-14 by Daniel
 * Modified: 2018-04-04 by Angelo
 */

-- MySQL dump 10.16  Distrib 10.1.26-MariaDB, for debian-linux-gnu (x86_64)
--
-- Host: wwwstu    Database: csci311c
-- ------------------------------------------------------
-- Server version	10.1.26-MariaDB-0+deb9u1

/*!40101 SET @OLD_CHARACTER_SET_CLIENT=@@CHARACTER_SET_CLIENT */;
/*!40101 SET @OLD_CHARACTER_SET_RESULTS=@@CHARACTER_SET_RESULTS */;
/*!40101 SET @OLD_COLLATION_CONNECTION=@@COLLATION_CONNECTION */;
/*!40101 SET NAMES utf8mb4 */;
/*!40103 SET @OLD_TIME_ZONE=@@TIME_ZONE */;
/*!40103 SET TIME_ZONE='+00:00' */;
/*!40014 SET @OLD_UNIQUE_CHECKS=@@UNIQUE_CHECKS, UNIQUE_CHECKS=0 */;
/*!40014 SET @OLD_FOREIGN_KEY_CHECKS=@@FOREIGN_KEY_CHECKS, FOREIGN_KEY_CHECKS=0 */;
/*!40101 SET @OLD_SQL_MODE=@@SQL_MODE, SQL_MODE='NO_AUTO_VALUE_ON_ZERO' */;
/*!40111 SET @OLD_SQL_NOTES=@@SQL_NOTES, SQL_NOTES=0 */;

--
-- Table structure for table `classes`
--

DROP TABLE IF EXISTS `classes`;
/*!40101 SET @saved_cs_client     = @@character_set_client */;
/*!40101 SET character_set_client = utf8 */;
CREATE TABLE `classes` (
  `code` varchar(10) NOT NULL,
  `description` varchar(100) DEFAULT NULL,
  PRIMARY KEY (`code`)
) ENGINE=InnoDB DEFAULT CHARSET=latin1;
/*!40101 SET character_set_client = @saved_cs_client */;

--
-- Dumping data for table `classes`
--

LOCK TABLES `classes` WRITE;
/*!40000 ALTER TABLE `classes` DISABLE KEYS */;
INSERT INTO `classes` VALUES ('csci160','Computer Science I'),('csci161','Computer Science II'),('csci162',NULL),('csci251',NULL),('csci260','Data Structures and Algorithms'),('csci261','Assembly Programming'),('csci265',NULL),('csci310','Human Computer Interfaces'),('csci311','Web Programming'),('csci320','Foundations of Computer Science'),('csci330',NULL),('csci355',NULL),('csci370','Databases'),('csci400',NULL),('csci460','Networking'),('csci485',NULL),('math121','Calculus I'),('math122','Calculus II'),('math123',NULL),('math151',NULL),('math223','Discrete Combinatorics'),('math241','Linear Algebra');
/*!40000 ALTER TABLE `classes` ENABLE KEYS */;
UNLOCK TABLES;

--
-- Table structure for table `profiles`
--

DROP TABLE IF EXISTS `profiles`;
/*!40101 SET @saved_cs_client     = @@character_set_client */;
/*!40101 SET character_set_client = utf8 */;
CREATE TABLE `profiles` (
  `id` bigint(20) unsigned NOT NULL AUTO_INCREMENT,
  `email` varchar(40) NOT NULL,
  `password` varchar(128) DEFAULT NULL,
  `firstname` varchar(40) DEFAULT NULL,
  `lastname` varchar(40) DEFAULT NULL,
  `phone` varchar(40) DEFAULT NULL,
  `date_joined` datetime DEFAULT NULL,
  `avatar` varchar(20) NOT NULL DEFAULT 'avatar.png',
  `ptype` varchar(20) NOT NULL DEFAULT 'tutor',
  `pay` decimal(13,2) NOT NULL DEFAULT '20.00',
  PRIMARY KEY (`id`),
  UNIQUE KEY `id` (`id`),
  UNIQUE KEY `email` (`email`)
) ENGINE=InnoDB AUTO_INCREMENT=113 DEFAULT CHARSET=latin1;
/*!40101 SET character_set_client = @saved_cs_client */;

--
-- Dumping data for table `profiles`
--

LOCK TABLES `profiles` WRITE;
/*!40000 ALTER TABLE `profiles` DISABLE KEYS */;
INSERT INTO `profiles` VALUES (92,'angelo_ng@email.com','$2y$10$MDRmYzg1MzFiMmM4NGQ2Z.WsqgO783qwX7e2rJzjwbJrC2l4Oxxo.','Angelo','Ng','6045375079','2018-04-04 13:05:10','avatar00.png','tutor',35.00),(94,'john_birch@email.com','$2y$10$MDE1NjFmN2RmODVkYjNiZO8fjyul3EKHlo20b7sYQfTzB8iH2ukUC','John','Birch','6045375079','2018-04-04 13:12:33','avatar01.png','tutor',15.00),(95,'mohammed_mustafar@email.com','$2y$10$ZTU4YjY1YzllN2FjODg3YOZrhqAcT9AjJhLUstzzTPSRVeBc3sHou','Mohammed','Mustafar','6045375079','2018-04-04 13:13:32','avatar02.png','tutor',20.00),(96,'jane_lane@email.com','$2y$10$YTUzOWJjMTU2YWM2MGNmMOAZ6We8Tw2.MJ60qrCQ/GbQjZxjNz4M6','Jane','Lane','6045375079','2018-04-04 13:14:17','avatar03.png','tutor',22.00),(97,'babu_ganu@email.com','$2y$10$MjliN2U4YWZmOTZlYWQ3Ze0Z2pdB7SM8IIGALMaLZBcxATVmOQHNO','Babu','Ganu','6045375079','2018-04-04 13:15:01','avatar04.png','tutor',13.00),(98,'dave_henchey@email.com','$2y$10$YmEyMzljMDAxYjcwMTg0Z.3yyep49xdrZaBuchYEFNwwwsKHd2MIW','Dave','Henchey','6045375079','2018-04-04 13:15:41','avatar05.png','tutor',13.00),(99,'bob_smith@email.com','$2y$10$Mzk4YzY0NGJlNWU1ODUyNe6ceykLqAM8lyzMufV5YOQGkSkmnaAey','Bob','Smith','6045375079','2018-04-04 13:16:41','avatar06.png','tutor',60.00),(100,'mandu_prathi@email.com','$2y$10$NWY5YTUzMTczYTNhMWJlNeF/KBDslRD7fj71tw1zelTkZBTctwmFi','Mandu','Prathi','6045375079','2018-04-04 13:17:30','avatar07.png','tutor',15.00),(101,'ross_hope@email.com','$2y$10$YTU3MzVlM2NmNGZhMTQzM.Kw2GeYKI81SKbg7fwdj5zfTPyz4kqK.','Ross','Hope','6045375079','2018-04-04 13:18:10','avatar08.png','tutor',15.00),(102,'ibasa_manawa@email.com','$2y$10$NmIwYTg5Y2QxMDc0N2IyZ.VyzxjedD9r0Q2XHG5JWKEDHTgpf3.DG','Ibasa','Manawa','6045375079','2018-04-04 13:19:01','avatar09.png','tutor',12.00),(103,'david_geller@email.com','$2y$10$YmY1ZDk4YzhiNjFhODgyOO/CNaa09nf3Ks4TnrbKEH.FVMEqVBise','David','Geller','6045375079','2018-04-04 13:19:45','avatar10.png','tutor',45.00),(104,'jane_chan@email.com','$2y$10$NWUzMmM1MWVlMDg0NmYyZOxKvZ90AVGQwql/JLzuJ1NBTVd5SJFcK','Jane','Chan','6045375079','2018-04-04 13:20:29','avatar11.png','tutor',14.00),(105,'sandeep_parantaya@email.com','$2y$10$YTQ0MDg3YzZkZjZlMmFhMOs4qhuPUupQmcjf6JZa/JYS6oit7WJGa','Sandeep','Parantaya','6045375079','2018-04-04 13:21:46','avatar12.png','tutor',11.00),(106,'jashan_jathi@email.com','$2y$10$MjQ1OGFhNmZjNjA2MTlmMOn965RA/Y/CHeOz6Tla4fe6QWoIfhYk6','Jashan','Jathi','6045375079','2018-04-04 13:22:31','avatar13.png','tutor',16.00),(107,'heather_davis@email.com','$2y$10$NDAyMTY5NGI1MTU4NmMyYuF6YfLKVuDGhklola57eNhJckq3nFmDu','Heather','Davis','6045375079','2018-04-04 13:23:19','avatar14.png','tutor',15.00),(108,'pradeep_sing@email.com','$2y$10$MjM1Y2JmZTkwYTA1ZTFlNuLzdgdShiG5.xwikpUEJmwYPOd7xuWzi','Pradeep','Singh','6045375079','2018-04-04 13:24:01','avatar15.png','tutor',22.00),(109,'chris_mansfield@email.com','$2y$10$MWNjM2MyZDZiYTdjMzFjMuXTQ4LWcqEgRN4w71xtEu7UKhYJZyVvK','Chris','Mansfield','6045375079','2018-04-04 13:25:00','avatar16.png','tutor',15.00),(110,'kim_pak@email.com','$2y$10$M2Y5ZmQwOTBhYmFkMDY0OO6CZjB7BJt4.GPgH9erg0CKG84NLoMiK','Kim','Pak','6045375079','2018-04-04 13:25:42','avatar17.png','tutor',9.00),(111,'jim_rupert@email.com','$2y$10$OWNlYzc1ZmU1ZWY2ODI3OOV7Ndp.ObpjGQPaJFObFkUOeqLTf/IC2','Jim','Rupert','6045375079','2018-04-04 13:26:37','avatar18.png','tutor',12.00),(112,'joon_yu@email.com','$2y$10$ZTY0Nzc5ZWE3MWUyZWFjMeYONQc03oAsC1GVjA6ORtZSh1gt3tMa6','Joon','Yu','6045375079','2018-04-04 13:27:19','avatar19.png','tutor',15.00);
/*!40000 ALTER TABLE `profiles` ENABLE KEYS */;
UNLOCK TABLES;

--
-- Table structure for table `skills`
--

DROP TABLE IF EXISTS `skills`;
/*!40101 SET @saved_cs_client     = @@character_set_client */;
/*!40101 SET character_set_client = utf8 */;
CREATE TABLE `skills` (
  `id` bigint(20) unsigned NOT NULL,
  `class` varchar(20) NOT NULL,
  PRIMARY KEY (`id`,`class`),
  KEY `class` (`class`),
  CONSTRAINT `skills_ibfk_1` FOREIGN KEY (`id`) REFERENCES `profiles` (`id`) ON DELETE CASCADE,
  CONSTRAINT `skills_ibfk_2` FOREIGN KEY (`class`) REFERENCES `classes` (`code`)
) ENGINE=InnoDB DEFAULT CHARSET=latin1;
/*!40101 SET character_set_client = @saved_cs_client */;

--
-- Dumping data for table `skills`
--

LOCK TABLES `skills` WRITE;
/*!40000 ALTER TABLE `skills` DISABLE KEYS */;
INSERT INTO `skills` VALUES (92,'CSCI160'),(92,'CSCI161'),(92,'CSCI162'),(94,'CSCI260'),(94,'CSCI261'),(94,'CSCI265'),(95,'CSCI310'),(95,'CSCI311'),(95,'CSCI320'),(96,'CSCI330'),(96,'CSCI355'),(96,'CSCI370'),(96,'CSCI400'),(96,'CSCI460'),(96,'CSCI485'),(97,'CSCI160'),(97,'CSCI161'),(97,'CSCI162'),(97,'CSCI260'),(97,'CSCI261'),(97,'CSCI265'),(98,'CSCI161'),(98,'CSCI260'),(98,'CSCI261'),(98,'CSCI310'),(98,'CSCI311'),(98,'CSCI355'),(98,'CSCI370'),(99,'CSCI160'),(99,'CSCI161'),(99,'CSCI162'),(99,'CSCI260'),(99,'CSCI261'),(99,'CSCI265'),(99,'CSCI310'),(99,'CSCI311'),(99,'CSCI320'),(99,'CSCI330'),(99,'CSCI355'),(99,'CSCI370'),(99,'CSCI400'),(99,'CSCI460'),(99,'CSCI485'),(100,'CSCI160'),(100,'CSCI161'),(100,'CSCI162'),(100,'CSCI260'),(100,'CSCI261'),(100,'CSCI265'),(100,'CSCI310'),(100,'CSCI311'),(101,'CSCI260'),(101,'CSCI261'),(101,'CSCI310'),(101,'CSCI311'),(101,'CSCI330'),(101,'CSCI355'),(102,'CSCI160'),(102,'CSCI161'),(102,'CSCI162'),(102,'CSCI260'),(102,'CSCI261'),(102,'CSCI265'),(102,'CSCI310'),(102,'CSCI311'),(103,'CSCI160'),(103,'CSCI161'),(103,'CSCI162'),(103,'CSCI260'),(103,'CSCI261'),(104,'CSCI261'),(104,'CSCI311'),(104,'CSCI330'),(104,'CSCI355'),(104,'CSCI370'),(104,'CSCI460'),(104,'CSCI485'),(105,'CSCI160'),(105,'CSCI161'),(105,'CSCI162'),(105,'CSCI311'),(105,'CSCI330'),(105,'CSCI355'),(105,'CSCI370'),(105,'CSCI485'),(106,'CSCI160'),(106,'CSCI161'),(106,'CSCI162'),(106,'CSCI260'),(106,'CSCI261'),(106,'CSCI265'),(107,'CSCI160'),(107,'CSCI161'),(107,'CSCI162'),(107,'CSCI260'),(107,'CSCI261'),(107,'CSCI265'),(107,'CSCI330'),(107,'CSCI355'),(108,'CSCI260'),(108,'CSCI261'),(108,'CSCI310'),(108,'CSCI311'),(108,'CSCI330'),(108,'CSCI355'),(109,'CSCI160'),(109,'CSCI161'),(109,'CSCI162'),(109,'CSCI260'),(109,'CSCI261'),(109,'CSCI265'),(109,'CSCI310'),(109,'CSCI311'),(110,'CSCI160'),(110,'CSCI161'),(110,'CSCI162'),(110,'CSCI260'),(110,'CSCI261'),(110,'CSCI265'),(111,'CSCI311'),(111,'CSCI320'),(111,'CSCI370'),(111,'CSCI400'),(111,'CSCI460'),(111,'CSCI485'),(112,'CSCI310'),(112,'CSCI311'),(112,'CSCI320'),(112,'CSCI330'),(112,'CSCI355'),(112,'CSCI370');
/*!40000 ALTER TABLE `skills` ENABLE KEYS */;
UNLOCK TABLES;

--
-- Table structure for table `times`
--

DROP TABLE IF EXISTS `times`;
/*!40101 SET @saved_cs_client     = @@character_set_client */;
/*!40101 SET character_set_client = utf8 */;
CREATE TABLE `times` (
  `id` bigint(20) unsigned NOT NULL,
  `daynum` int(11) NOT NULL,
  `starttime` time NOT NULL,
  `endtime` time NOT NULL,
  PRIMARY KEY (`id`,`daynum`,`starttime`,`endtime`),
  CONSTRAINT `times_ibfk_1` FOREIGN KEY (`id`) REFERENCES `profiles` (`id`) ON DELETE CASCADE
) ENGINE=InnoDB DEFAULT CHARSET=latin1;
/*!40101 SET character_set_client = @saved_cs_client */;

--
-- Dumping data for table `times`
--

LOCK TABLES `times` WRITE;
/*!40000 ALTER TABLE `times` DISABLE KEYS */;
INSERT INTO `times` VALUES (92,0,'08:00:00','09:00:00'),(92,0,'09:00:00','10:00:00'),(92,0,'10:00:00','11:00:00'),(92,1,'08:00:00','09:00:00'),(92,1,'09:00:00','10:00:00'),(92,1,'10:00:00','11:00:00'),(92,2,'10:00:00','11:00:00'),(92,2,'11:00:00','12:00:00'),(92,2,'12:00:00','13:00:00'),(92,3,'11:00:00','12:00:00'),(92,3,'12:00:00','13:00:00'),(92,3,'13:00:00','14:00:00'),(92,3,'14:00:00','15:00:00'),(92,3,'15:00:00','16:00:00'),(92,4,'13:00:00','14:00:00'),(92,4,'14:00:00','15:00:00'),(92,4,'15:00:00','16:00:00'),(94,0,'08:00:00','09:00:00'),(94,0,'09:00:00','10:00:00'),(94,0,'10:00:00','11:00:00'),(94,1,'10:00:00','11:00:00'),(94,1,'11:00:00','12:00:00'),(94,1,'12:00:00','13:00:00'),(94,1,'13:00:00','14:00:00'),(94,1,'14:00:00','15:00:00'),(94,1,'15:00:00','16:00:00'),(94,1,'16:00:00','17:00:00'),(94,2,'13:00:00','14:00:00'),(94,2,'14:00:00','15:00:00'),(94,2,'15:00:00','16:00:00'),(94,2,'16:00:00','17:00:00'),(94,2,'17:00:00','18:00:00'),(94,3,'08:00:00','09:00:00'),(94,3,'09:00:00','10:00:00'),(94,3,'10:00:00','11:00:00'),(94,3,'11:00:00','12:00:00'),(94,3,'12:00:00','13:00:00'),(94,4,'10:00:00','11:00:00'),(94,4,'11:00:00','12:00:00'),(94,4,'12:00:00','13:00:00'),(94,4,'13:00:00','14:00:00'),(94,5,'13:00:00','14:00:00'),(94,5,'14:00:00','15:00:00'),(94,5,'15:00:00','16:00:00'),(94,5,'16:00:00','17:00:00'),(94,5,'17:00:00','18:00:00'),(95,0,'15:00:00','16:00:00'),(95,0,'16:00:00','17:00:00'),(95,1,'13:00:00','14:00:00'),(95,1,'14:00:00','15:00:00'),(95,1,'15:00:00','16:00:00'),(95,3,'08:00:00','09:00:00'),(95,3,'09:00:00','10:00:00'),(95,3,'10:00:00','11:00:00'),(95,3,'11:00:00','12:00:00'),(95,3,'12:00:00','13:00:00'),(95,3,'13:00:00','14:00:00'),(95,3,'14:00:00','15:00:00'),(95,3,'15:00:00','16:00:00'),(95,3,'16:00:00','17:00:00'),(95,3,'17:00:00','18:00:00'),(95,3,'18:00:00','19:00:00'),(95,4,'11:00:00','12:00:00'),(95,4,'12:00:00','13:00:00'),(95,4,'13:00:00','14:00:00'),(95,4,'14:00:00','15:00:00'),(95,4,'15:00:00','16:00:00'),(95,5,'08:00:00','09:00:00'),(95,5,'09:00:00','10:00:00'),(95,5,'10:00:00','11:00:00'),(95,5,'11:00:00','12:00:00'),(95,5,'12:00:00','13:00:00'),(95,5,'13:00:00','14:00:00'),(95,6,'11:00:00','12:00:00'),(95,6,'12:00:00','13:00:00'),(96,0,'16:00:00','17:00:00'),(96,0,'17:00:00','18:00:00'),(96,2,'11:00:00','12:00:00'),(96,2,'12:00:00','13:00:00'),(96,2,'13:00:00','14:00:00'),(96,2,'14:00:00','15:00:00'),(96,2,'15:00:00','16:00:00'),(96,2,'16:00:00','17:00:00'),(96,2,'17:00:00','18:00:00'),(96,2,'18:00:00','19:00:00'),(96,3,'08:00:00','09:00:00'),(96,3,'09:00:00','10:00:00'),(96,3,'10:00:00','11:00:00'),(96,4,'11:00:00','12:00:00'),(96,4,'12:00:00','13:00:00'),(96,4,'13:00:00','14:00:00'),(96,4,'15:00:00','16:00:00'),(96,4,'16:00:00','17:00:00'),(96,5,'09:00:00','10:00:00'),(96,5,'10:00:00','11:00:00'),(96,5,'11:00:00','12:00:00'),(96,6,'16:00:00','17:00:00'),(96,6,'17:00:00','18:00:00'),(97,2,'10:00:00','11:00:00'),(97,2,'11:00:00','12:00:00'),(97,3,'08:00:00','09:00:00'),(97,3,'09:00:00','10:00:00'),(97,3,'10:00:00','11:00:00'),(97,3,'11:00:00','12:00:00'),(97,3,'12:00:00','13:00:00'),(97,3,'13:00:00','14:00:00'),(97,4,'15:00:00','16:00:00'),(97,4,'16:00:00','17:00:00'),(97,4,'17:00:00','18:00:00'),(97,4,'18:00:00','19:00:00'),(97,5,'14:00:00','15:00:00'),(97,5,'15:00:00','16:00:00'),(97,5,'16:00:00','17:00:00'),(97,6,'09:00:00','10:00:00'),(97,6,'10:00:00','11:00:00'),(98,0,'14:00:00','15:00:00'),(98,0,'15:00:00','16:00:00'),(98,1,'14:00:00','15:00:00'),(98,1,'15:00:00','16:00:00'),(98,1,'16:00:00','17:00:00'),(98,3,'08:00:00','09:00:00'),(98,3,'09:00:00','10:00:00'),(98,4,'13:00:00','14:00:00'),(98,4,'14:00:00','15:00:00'),(98,4,'15:00:00','16:00:00'),(98,4,'16:00:00','17:00:00'),(98,4,'17:00:00','18:00:00'),(98,4,'18:00:00','19:00:00'),(98,5,'08:00:00','09:00:00'),(98,5,'09:00:00','10:00:00'),(98,5,'10:00:00','11:00:00'),(98,5,'11:00:00','12:00:00'),(98,6,'12:00:00','13:00:00'),(98,6,'13:00:00','14:00:00'),(98,6,'14:00:00','15:00:00'),(98,6,'15:00:00','16:00:00'),(98,6,'16:00:00','17:00:00'),(98,6,'17:00:00','18:00:00'),(99,0,'08:00:00','09:00:00'),(99,0,'09:00:00','10:00:00'),(99,0,'10:00:00','11:00:00'),(99,0,'11:00:00','12:00:00'),(99,0,'12:00:00','13:00:00'),(99,0,'13:00:00','14:00:00'),(99,1,'08:00:00','09:00:00'),(99,1,'09:00:00','10:00:00'),(99,1,'10:00:00','11:00:00'),(99,1,'11:00:00','12:00:00'),(99,1,'12:00:00','13:00:00'),(99,1,'13:00:00','14:00:00'),(99,2,'13:00:00','14:00:00'),(99,2,'14:00:00','15:00:00'),(99,2,'15:00:00','16:00:00'),(99,2,'16:00:00','17:00:00'),(99,3,'11:00:00','12:00:00'),(99,3,'12:00:00','13:00:00'),(99,3,'13:00:00','14:00:00'),(99,3,'14:00:00','15:00:00'),(99,4,'11:00:00','12:00:00'),(99,4,'12:00:00','13:00:00'),(99,4,'13:00:00','14:00:00'),(99,4,'14:00:00','15:00:00'),(99,5,'17:00:00','18:00:00'),(99,5,'18:00:00','19:00:00'),(99,6,'17:00:00','18:00:00'),(99,6,'18:00:00','19:00:00'),(100,2,'13:00:00','14:00:00'),(100,2,'14:00:00','15:00:00'),(100,2,'15:00:00','16:00:00'),(100,2,'16:00:00','17:00:00'),(100,3,'08:00:00','09:00:00'),(100,3,'09:00:00','10:00:00'),(100,3,'10:00:00','11:00:00'),(100,3,'11:00:00','12:00:00'),(100,4,'15:00:00','16:00:00'),(100,4,'16:00:00','17:00:00'),(100,4,'17:00:00','18:00:00'),(100,5,'15:00:00','16:00:00'),(100,5,'16:00:00','17:00:00'),(100,5,'17:00:00','18:00:00'),(100,6,'08:00:00','09:00:00'),(100,6,'09:00:00','10:00:00'),(101,0,'12:00:00','13:00:00'),(101,0,'13:00:00','14:00:00'),(101,0,'14:00:00','15:00:00'),(101,3,'14:00:00','15:00:00'),(101,3,'15:00:00','16:00:00'),(101,4,'08:00:00','09:00:00'),(101,4,'09:00:00','10:00:00'),(101,4,'10:00:00','11:00:00'),(101,4,'11:00:00','12:00:00'),(101,4,'12:00:00','13:00:00'),(101,4,'13:00:00','14:00:00'),(101,5,'15:00:00','16:00:00'),(101,5,'16:00:00','17:00:00'),(101,5,'17:00:00','18:00:00'),(101,6,'15:00:00','16:00:00'),(101,6,'16:00:00','17:00:00'),(101,6,'17:00:00','18:00:00'),(102,0,'14:00:00','15:00:00'),(102,0,'15:00:00','16:00:00'),(102,0,'16:00:00','17:00:00'),(102,0,'17:00:00','18:00:00'),(102,0,'18:00:00','19:00:00'),(102,1,'14:00:00','15:00:00'),(102,1,'15:00:00','16:00:00'),(102,2,'08:00:00','09:00:00'),(102,2,'09:00:00','10:00:00'),(102,2,'10:00:00','11:00:00'),(102,3,'11:00:00','12:00:00'),(102,3,'12:00:00','13:00:00'),(102,3,'13:00:00','14:00:00'),(102,4,'11:00:00','12:00:00'),(102,4,'12:00:00','13:00:00'),(102,4,'13:00:00','14:00:00'),(102,5,'11:00:00','12:00:00'),(102,5,'12:00:00','13:00:00'),(102,6,'15:00:00','16:00:00'),(102,6,'16:00:00','17:00:00'),(102,6,'17:00:00','18:00:00'),(103,0,'08:00:00','09:00:00'),(103,0,'09:00:00','10:00:00'),(103,0,'10:00:00','11:00:00'),(103,1,'08:00:00','09:00:00'),(103,1,'09:00:00','10:00:00'),(103,1,'10:00:00','11:00:00'),(103,2,'08:00:00','09:00:00'),(103,2,'09:00:00','10:00:00'),(103,3,'08:00:00','09:00:00'),(103,3,'09:00:00','10:00:00'),(103,4,'12:00:00','13:00:00'),(103,4,'13:00:00','14:00:00'),(103,4,'14:00:00','15:00:00'),(103,5,'12:00:00','13:00:00'),(103,5,'13:00:00','14:00:00'),(103,5,'14:00:00','15:00:00'),(103,6,'12:00:00','13:00:00'),(103,6,'13:00:00','14:00:00'),(103,6,'14:00:00','15:00:00'),(104,2,'14:00:00','15:00:00'),(104,2,'15:00:00','16:00:00'),(104,3,'08:00:00','09:00:00'),(104,3,'09:00:00','10:00:00'),(104,3,'10:00:00','11:00:00'),(104,3,'11:00:00','12:00:00'),(104,3,'12:00:00','13:00:00'),(104,3,'13:00:00','14:00:00'),(104,3,'14:00:00','15:00:00'),(104,3,'15:00:00','16:00:00'),(104,3,'16:00:00','17:00:00'),(104,3,'17:00:00','18:00:00'),(104,4,'13:00:00','14:00:00'),(104,4,'14:00:00','15:00:00'),(104,6,'11:00:00','12:00:00'),(104,6,'12:00:00','13:00:00'),(104,6,'13:00:00','14:00:00'),(104,6,'14:00:00','15:00:00'),(104,6,'15:00:00','16:00:00'),(104,6,'16:00:00','17:00:00'),(104,6,'17:00:00','18:00:00'),(104,6,'18:00:00','19:00:00'),(105,0,'14:00:00','15:00:00'),(105,0,'15:00:00','16:00:00'),(105,0,'16:00:00','17:00:00'),(105,0,'17:00:00','18:00:00'),(105,0,'18:00:00','19:00:00'),(105,1,'14:00:00','15:00:00'),(105,1,'15:00:00','16:00:00'),(105,1,'16:00:00','17:00:00'),(105,1,'17:00:00','18:00:00'),(105,1,'18:00:00','19:00:00'),(105,2,'14:00:00','15:00:00'),(105,2,'15:00:00','16:00:00'),(105,2,'16:00:00','17:00:00'),(105,2,'17:00:00','18:00:00'),(105,2,'18:00:00','19:00:00'),(105,3,'08:00:00','09:00:00'),(105,3,'09:00:00','10:00:00'),(105,3,'10:00:00','11:00:00'),(105,3,'11:00:00','12:00:00'),(105,3,'12:00:00','13:00:00'),(105,3,'13:00:00','14:00:00'),(105,3,'14:00:00','15:00:00'),(105,4,'15:00:00','16:00:00'),(105,4,'16:00:00','17:00:00'),(105,5,'15:00:00','16:00:00'),(105,5,'16:00:00','17:00:00'),(106,2,'08:00:00','09:00:00'),(106,2,'09:00:00','10:00:00'),(106,2,'10:00:00','11:00:00'),(106,2,'11:00:00','12:00:00'),(106,3,'11:00:00','12:00:00'),(106,3,'12:00:00','13:00:00'),(106,3,'13:00:00','14:00:00'),(106,3,'14:00:00','15:00:00'),(106,3,'15:00:00','16:00:00'),(106,4,'11:00:00','12:00:00'),(106,4,'12:00:00','13:00:00'),(106,4,'13:00:00','14:00:00'),(106,4,'14:00:00','15:00:00'),(106,5,'11:00:00','12:00:00'),(106,5,'12:00:00','13:00:00'),(106,5,'13:00:00','14:00:00'),(106,5,'14:00:00','15:00:00'),(106,5,'15:00:00','16:00:00'),(107,4,'08:00:00','09:00:00'),(107,4,'09:00:00','10:00:00'),(107,4,'10:00:00','11:00:00'),(107,4,'11:00:00','12:00:00'),(107,4,'12:00:00','13:00:00'),(107,4,'13:00:00','14:00:00'),(107,4,'14:00:00','15:00:00'),(107,4,'15:00:00','16:00:00'),(107,4,'16:00:00','17:00:00'),(107,4,'17:00:00','18:00:00'),(107,4,'18:00:00','19:00:00'),(107,6,'08:00:00','09:00:00'),(107,6,'09:00:00','10:00:00'),(107,6,'10:00:00','11:00:00'),(107,6,'11:00:00','12:00:00'),(107,6,'12:00:00','13:00:00'),(107,6,'13:00:00','14:00:00'),(107,6,'14:00:00','15:00:00'),(107,6,'15:00:00','16:00:00'),(107,6,'16:00:00','17:00:00'),(107,6,'17:00:00','18:00:00'),(107,6,'18:00:00','19:00:00'),(108,2,'08:00:00','09:00:00'),(108,2,'09:00:00','10:00:00'),(108,3,'08:00:00','09:00:00'),(108,3,'09:00:00','10:00:00'),(108,4,'08:00:00','09:00:00'),(108,4,'09:00:00','10:00:00'),(108,5,'17:00:00','18:00:00'),(108,5,'18:00:00','19:00:00'),(108,6,'17:00:00','18:00:00'),(108,6,'18:00:00','19:00:00'),(109,0,'16:00:00','17:00:00'),(109,0,'17:00:00','18:00:00'),(109,0,'18:00:00','19:00:00'),(109,1,'16:00:00','17:00:00'),(109,1,'17:00:00','18:00:00'),(109,1,'18:00:00','19:00:00'),(109,2,'13:00:00','14:00:00'),(109,2,'14:00:00','15:00:00'),(109,3,'11:00:00','12:00:00'),(109,3,'12:00:00','13:00:00'),(109,3,'13:00:00','14:00:00'),(109,3,'14:00:00','15:00:00'),(109,4,'11:00:00','12:00:00'),(109,4,'12:00:00','13:00:00'),(109,4,'13:00:00','14:00:00'),(109,4,'14:00:00','15:00:00'),(109,5,'12:00:00','13:00:00'),(109,5,'13:00:00','14:00:00'),(109,5,'14:00:00','15:00:00'),(109,6,'12:00:00','13:00:00'),(109,6,'13:00:00','14:00:00'),(109,6,'14:00:00','15:00:00'),(110,0,'12:00:00','13:00:00'),(110,0,'13:00:00','14:00:00'),(110,0,'14:00:00','15:00:00'),(110,1,'16:00:00','17:00:00'),(110,1,'17:00:00','18:00:00'),(110,2,'08:00:00','09:00:00'),(110,2,'09:00:00','10:00:00'),(110,2,'10:00:00','11:00:00'),(110,3,'08:00:00','09:00:00'),(110,3,'09:00:00','10:00:00'),(110,3,'10:00:00','11:00:00'),(110,4,'12:00:00','13:00:00'),(110,4,'13:00:00','14:00:00'),(110,4,'14:00:00','15:00:00'),(110,5,'12:00:00','13:00:00'),(110,5,'13:00:00','14:00:00'),(110,5,'14:00:00','15:00:00'),(110,5,'15:00:00','16:00:00'),(110,6,'16:00:00','17:00:00'),(110,6,'17:00:00','18:00:00'),(111,0,'17:00:00','18:00:00'),(111,0,'18:00:00','19:00:00'),(111,1,'14:00:00','15:00:00'),(111,1,'15:00:00','16:00:00'),(111,1,'16:00:00','17:00:00'),(111,2,'14:00:00','15:00:00'),(111,2,'15:00:00','16:00:00'),(111,2,'16:00:00','17:00:00'),(111,3,'14:00:00','15:00:00'),(111,3,'15:00:00','16:00:00'),(111,3,'16:00:00','17:00:00'),(111,4,'12:00:00','13:00:00'),(111,4,'13:00:00','14:00:00'),(111,4,'14:00:00','15:00:00'),(111,5,'09:00:00','10:00:00'),(111,5,'10:00:00','11:00:00'),(111,5,'11:00:00','12:00:00'),(111,5,'12:00:00','13:00:00'),(111,6,'08:00:00','09:00:00'),(111,6,'09:00:00','10:00:00'),(111,6,'16:00:00','17:00:00'),(111,6,'17:00:00','18:00:00'),(111,6,'18:00:00','19:00:00'),(112,0,'14:00:00','15:00:00'),(112,0,'15:00:00','16:00:00'),(112,0,'16:00:00','17:00:00'),(112,1,'14:00:00','15:00:00'),(112,1,'15:00:00','16:00:00'),(112,1,'16:00:00','17:00:00'),(112,2,'08:00:00','09:00:00'),(112,2,'09:00:00','10:00:00'),(112,2,'10:00:00','11:00:00'),(112,3,'08:00:00','09:00:00'),(112,3,'09:00:00','10:00:00'),(112,3,'10:00:00','11:00:00'),(112,4,'12:00:00','13:00:00'),(112,4,'13:00:00','14:00:00'),(112,4,'14:00:00','15:00:00'),(112,4,'15:00:00','16:00:00'),(112,5,'12:00:00','13:00:00'),(112,5,'13:00:00','14:00:00'),(112,5,'14:00:00','15:00:00'),(112,5,'15:00:00','16:00:00'),(112,6,'12:00:00','13:00:00'),(112,6,'13:00:00','14:00:00'),(112,6,'14:00:00','15:00:00'),(112,6,'15:00:00','16:00:00');
/*!40000 ALTER TABLE `times` ENABLE KEYS */;
UNLOCK TABLES;
/*!40103 SET TIME_ZONE=@OLD_TIME_ZONE */;

/*!40101 SET SQL_MODE=@OLD_SQL_MODE */;
/*!40014 SET FOREIGN_KEY_CHECKS=@OLD_FOREIGN_KEY_CHECKS */;
/*!40014 SET UNIQUE_CHECKS=@OLD_UNIQUE_CHECKS */;
/*!40101 SET CHARACTER_SET_CLIENT=@OLD_CHARACTER_SET_CLIENT */;
/*!40101 SET CHARACTER_SET_RESULTS=@OLD_CHARACTER_SET_RESULTS */;
/*!40101 SET COLLATION_CONNECTION=@OLD_COLLATION_CONNECTION */;
/*!40111 SET SQL_NOTES=@OLD_SQL_NOTES */;

-- Dump completed on 2018-04-04 13:35:09
